"listing-symbol","listing-name","Links"
"CEOS","CEOS SWAP","https://coinsniper.net/coin/45778?k=43001&s=today"
"CEOS","CEOS","https://coinsniper.net/coin/45779?k=43002&s=today"
"GMC","GEMCOIN","https://coinsniper.net/coin/45780?k=43003&s=today"
"FIRE","Fire Token","https://coinsniper.net/coin/45782?k=43004&s=today"
"MM","Moon Monkeys","https://coinsniper.net/coin/45783?k=43005&s=today"
"ETD","Eat The Drip","https://coinsniper.net/coin/45784?k=43006&s=today"
"TRIBE","TRIBEX","https://coinsniper.net/coin/45785?k=43007&s=today"
"MURATI AI","Murati AI","https://coinsniper.net/coin/45786?k=43008&s=today"
"WARC","WARC","https://coinsniper.net/coin/45787?k=43009&s=today"
"DOJO","Dojo AI","https://coinsniper.net/coin/45788?k=43010&s=today"
"ARBTETH","Arbteth","https://coinsniper.net/coin/45789?k=43011&s=today"
"BETX","Betix","https://coinsniper.net/coin/45791?k=43012&s=today"
"PULSEFOLIO","PULSEFOLIO","https://coinsniper.net/coin/45792?k=43013&s=today"
"DCB","Decentra Block","https://coinsniper.net/coin/45793?k=43014&s=today"
"ELONMUSKCEO","Elon Musk CEO","https://coinsniper.net/coin/45794?k=43015&s=today"
"DRAGON","Dragon Dex","https://coinsniper.net/coin/45795?k=43016&s=today"
"CFXKING","CFX King","https://coinsniper.net/coin/45796?k=43017&s=today"
"NET","NetBorn","https://coinsniper.net/coin/45797?k=43018&s=today"
"ARMU","Arbitrum Museum","https://coinsniper.net/coin/45798?k=43019&s=today"
"LAST","Lastchain","https://coinsniper.net/coin/45799?k=43020&s=today"
"DELT","Deltin","https://coinsniper.net/coin/45800?k=43021&s=today"
"AMS","Axes Metaverse","https://coinsniper.net/coin/45802?k=43022&s=today"
"FLOKI-1","FLOKI-1","https://coinsniper.net/coin/45803?k=43023&s=today"
"CMY","Ceo Monkey","https://coinsniper.net/coin/45804?k=43024&s=today"
"SHIKINU","Shikoku Inu","https://coinsniper.net/coin/45806?k=43025&s=today"
"LUFFYOP","Luffy op","https://coinsniper.net/coin/45807?k=43026&s=today"
"BUSD","Hodlaires","https://coinsniper.net/coin/45808?k=43027&s=today"
"NATION","NATION","https://coinsniper.net/coin/45809?k=43028&s=today"
"DSD","DriveShare Dao","https://coinsniper.net/coin/45810?k=43029&s=today"
"HADA","Hacienda","https://coinsniper.net/coin/45811?k=43030&s=today"
"YAKI","SICK YAKI","https://coinsniper.net/coin/45812?k=43031&s=today"
"DLX","Dollox Network","https://coinsniper.net/coin/45813?k=43032&s=today"
"MAD","Monkey Madness","https://coinsniper.net/coin/45814?k=43033&s=today"
"INTERNEETDOGEUS","InterneetDogeUS","https://coinsniper.net/coin/45815?k=43034&s=today"
"BABYCS","BABY CHILD SUPPORT","https://coinsniper.net/coin/45816?k=43035&s=today"
"COESSWAP","CEOS SWAP","https://coinsniper.net/coin/45817?k=43036&s=today"
"NPT","NERO","https://coinsniper.net/coin/45818?k=43037&s=today"
"BASHAR","BasharDAO","https://coinsniper.net/coin/45819?k=43038&s=today"
"BNGA","BABY NGA TIGER","https://coinsniper.net/coin/45820?k=43039&s=today"
"RDT","Redactle","https://coinsniper.net/coin/45821?k=43040&s=today"
"CB","Coreball","https://coinsniper.net/coin/45822?k=43041&s=today"
"HW","Happy Wheels","https://coinsniper.net/coin/45823?k=43042&s=today"
"LKA","Lakers","https://coinsniper.net/coin/45825?k=43043&s=today"
"CDC","Core Doge","https://coinsniper.net/coin/45826?k=43044&s=today"
"SFMM","SafeMoon Monkey","https://coinsniper.net/coin/45827?k=43045&s=today"
"BRICS","BRICS INU","https://coinsniper.net/coin/45828?k=43046&s=today"
"HCI","Hachi Inu","https://coinsniper.net/coin/45829?k=43047&s=today"
"AIE","AI Earn","https://coinsniper.net/coin/45830?k=43048&s=today"
"OX","OX","https://coinsniper.net/coin/45831?k=43049&s=today"
"VV","Virtual Versions","https://coinsniper.net/coin/45832?k=43050&s=today"