Project Info,Full Name,Ticker,Website,Telegram,Twitter

https://coinarbitragebot.com/price/dmail-network.html,Dmail Network ,MAIL,,,
https://coinarbitragebot.com/price/notcoin.html,Notcoin ,NOT,https://t.me/notcoin_bot,https://t.me/notcoin_bot,
https://coinarbitragebot.com/price/xspace.html,Xspace ,XSP,https://xspace.fi/,,https://twitter.com/crypto_xspace
https://coinarbitragebot.com/price/nibi.html,Nibi ,NIBI,https://nibiru.fi/,,https://twitter.com/nibiruchain
https://coinarbitragebot.com/price/uponly.html,Uponly ,UPO,https://uponly.com/,,https://twitter.com/UpOnlyOfficial
https://coinarbitragebot.com/price/bombcrypto.html,Bombcrypto ,BCOIN,https://bombcrypto.io/,,https://twitter.com/BombCryptoGame
https://coinarbitragebot.com/price/white-rhinoceros.html,White Rhinoceros ,WHRH,https://whrh-token.com/,,https://twitter.com/Whrh_token
https://coinarbitragebot.com/price/utility-web3shot.html,Utility Web3shot ,UW3S,https://web3shot.io/,,https://twitter.com/Web3_Shot
https://coinarbitragebot.com/price/eosdac.html,Eosdac ,EOSDAC,https://eosdac.io/,,https://twitter.com/eosdac
https://coinarbitragebot.com/price/mojito.html,Mojito ,MOJO,https://www.mojito.markets/,,https://twitter.com/MojitoMarkets
https://coinarbitragebot.com/price/galaxia.html,Galaxia ,GXA,http://www.galaxiacoin.io/,,https://twitter.com/GXA_galaxia
https://coinarbitragebot.com/price/keysians-network.html,Keysians Network ,KEN,https://keysians.com/,,https://twitter.com/keysians
https://coinarbitragebot.com/price/lokr.html,Lokr ,LKR,https://www.lokr.io/,,https://twitter.com/Lokr_io
https://coinarbitragebot.com/price/rocky-the-dog.html,Rocky The Dog ,ROCKY,https://rockythedogcoin.com/,,https://twitter.com/Rocky_Solana
https://coinarbitragebot.com/price/myro.html,Myro ,$MYRO,http://myrothedog.com/,,https://twitter.com/myrosol
https://coinarbitragebot.com/price/bitcoin.html,Bitcoin ,BTC,https://www.bitcoin.org/,,https://twitter.com/bitcoin
https://coinarbitragebot.com/price/ethereum.html,Ethereum ,ETH,https://www.ethereum.org/,,https://twitter.com/ethereum
https://coinarbitragebot.com/price/tether.html,Tether ,USDT,https://tether.to/,,https://twitter.com/Tether_to
https://coinarbitragebot.com/price/bnb.html,Bnb ,BNB,https://www.binance.com/,,https://twitter.com/binance
https://coinarbitragebot.com/price/solana.html,Solana ,SOL,https://solana.com/,,https://twitter.com/solana
https://coinarbitragebot.com/price/xrp.html,Xrp ,XRP,https://ripple.com/currency/,,https://twitter.com/Ripple
https://coinarbitragebot.com/price/usdc.html,Usdc ,USDC,https://www.circle.com/en/usdc,,https://twitter.com/circle
https://coinarbitragebot.com/price/lido-staked-ether.html,Lido Staked Ether ,STETH,https://www.lido.fi/,,https://twitter.com/lidofinance
https://coinarbitragebot.com/price/cardano.html,Cardano ,ADA,https://www.cardano.org/en/home/,,https://twitter.com/Cardano_CF
https://coinarbitragebot.com/price/avalanche.html,Avalanche ,AVAX,https://www.avax.network/,,https://twitter.com/avax
https://coinarbitragebot.com/price/dogecoin.html,Dogecoin ,DOGE,http://dogecoin.com/,,https://twitter.com/dogecoin
https://coinarbitragebot.com/price/tron.html,Tron ,TRX,https://tron.network/,,https://twitter.com/trondao
https://coinarbitragebot.com/price/polkadot.html,Polkadot ,DOT,https://polkadot.network/,,https://twitter.com/Polkadot
https://coinarbitragebot.com/price/chainlink.html,Chainlink ,LINK,https://chain.link/,,https://twitter.com/chainlink
https://coinarbitragebot.com/price/toncoin.html,Toncoin ,TON,https://ton.org/,,https://twitter.com/ton_blockchain
https://coinarbitragebot.com/price/polygon.html,Polygon ,MATIC,https://polygon.technology/,,https://twitter.com/0xPolygon
https://coinarbitragebot.com/price/wrapped-bitcoin.html,Wrapped Bitcoin ,WBTC,https://www.wbtc.network/,,https://twitter.com/WrappedBTC
https://coinarbitragebot.com/price/internet-computer.html,Internet Computer ,ICP,https://internetcomputer.org/,,https://twitter.com/dfinity
https://coinarbitragebot.com/price/shiba-inu.html,Shiba Inu ,SHIB,https://shibatoken.com/,,https://twitter.com/Shibtoken
https://coinarbitragebot.com/price/dai.html,Dai ,DAI,https://makerdao.com/,,https://twitter.com/MakerDAO
https://coinarbitragebot.com/price/litecoin.html,Litecoin ,LTC,http://litecoin.org/,,https://twitter.com/LTCFoundation
https://coinarbitragebot.com/price/bitcoin-cash.html,Bitcoin Cash ,BCH,https://bch.info/,,
https://coinarbitragebot.com/price/uniswap.html,Uniswap ,UNI,https://uniswap.org/,,https://twitter.com/Uniswap
https://coinarbitragebot.com/price/leo-token.html,Leo Token ,LEO,https://www.bitfinex.com/,,https://twitter.com/bitfinex
https://coinarbitragebot.com/price/cosmos-hub.html,Cosmos Hub ,ATOM,http://cosmos.network/,,https://twitter.com/cosmos
https://coinarbitragebot.com/price/ethereum-classic.html,Ethereum Classic ,ETC,http://ethereumclassic.org/,,https://twitter.com/eth_classic
https://coinarbitragebot.com/price/injective.html,Injective ,INJ,https://injective.com/,,https://twitter.com/Injective_
https://coinarbitragebot.com/price/stellar.html,Stellar ,XLM,https://www.stellar.org/,,https://twitter.com/stellarorg
https://coinarbitragebot.com/price/okb.html,Okb ,OKB,https://www.okx.com/okb,https://t.me/OKXAnnouncements,https://twitter.com/okx
https://coinarbitragebot.com/price/aptos.html,Aptos ,APT,https://aptosfoundation.org/,,https://twitter.com/Aptos_Network
https://coinarbitragebot.com/price/near-protocol.html,Near Protocol ,NEAR,https://near.org/,,https://twitter.com/nearprotocol
https://coinarbitragebot.com/price/monero.html,Monero ,XMR,https://getmonero.org/,,https://twitter.com/monero
https://coinarbitragebot.com/price/optimism.html,Optimism ,OP,https://app.optimism.io/governance,,https://twitter.com/Optimism
https://coinarbitragebot.com/price/celestia.html,Celestia ,TIA,https://celestia.org/,,https://twitter.com/CelestiaOrg
https://coinarbitragebot.com/price/lido-dao.html,Lido Dao ,LDO,https://stake.lido.fi/,,https://twitter.com/lidofinance
https://coinarbitragebot.com/price/filecoin.html,Filecoin ,FIL,https://filecoin.io/,,https://twitter.com/Filecoin
https://coinarbitragebot.com/price/first-digital-usd.html,First Digital Usd ,FDUSD,https://firstdigitallabs.com/,,https://twitter.com/FDLabsHQ
https://coinarbitragebot.com/price/hedera.html,Hedera ,HBAR,https://www.hedera.com/,,https://twitter.com/hedera
https://coinarbitragebot.com/price/kaspa.html,Kaspa ,KAS,https://kaspa.org/,,https://twitter.com/KaspaCurrency
https://coinarbitragebot.com/price/arbitrum.html,Arbitrum ,ARB,https://arbitrum.io/,,https://twitter.com/arbitrum
https://coinarbitragebot.com/price/cronos.html,Cronos ,CRO,https://cronos-pos.org/,,https://twitter.com/cronos_chain
https://coinarbitragebot.com/price/bittensor.html,Bittensor ,TAO,https://bittensor.com/,,https://twitter.com/opentensor
https://coinarbitragebot.com/price/stacks.html,Stacks ,STX,http://stacks.co/,,https://twitter.com/Stacks
https://coinarbitragebot.com/price/vechain.html,Vechain ,VET,https://www.vechain.org/,,https://twitter.com/vechainofficial
https://coinarbitragebot.com/price/mantle.html,Mantle ,MNT,https://www.mantle.xyz/,,https://twitter.com/0xMantle
https://coinarbitragebot.com/price/maker.html,Maker ,MKR,https://makerdao.com/,,https://twitter.com/MakerDAO
https://coinarbitragebot.com/price/trueusd.html,Trueusd ,TUSD,https://tusd.io/,,https://twitter.com/tusdio
https://coinarbitragebot.com/price/sui.html,Sui ,SUI,https://sui.io/,,https://twitter.com/SuiNetwork
https://coinarbitragebot.com/price/sei.html,Sei ,SEI,https://www.sei.io/,,https://twitter.com/SeiNetwork
https://coinarbitragebot.com/price/render.html,Render ,RNDR,http://renderfoundation.com/,,https://twitter.com/rendernetwork
https://coinarbitragebot.com/price/quant.html,Quant ,QNT,https://www.quant.network/,,https://twitter.com/quant_network
https://coinarbitragebot.com/price/the-graph.html,The Graph ,GRT,https://thegraph.com/,,https://twitter.com/graphprotocol
https://coinarbitragebot.com/price/multiversx.html,Multiversx ,EGLD,https://multiversx.com/,,https://twitter.com/MultiversX
https://coinarbitragebot.com/price/bitcoin-sv.html,Bitcoin Sv ,BSV,https://bitcoinsv.com/,,
https://coinarbitragebot.com/price/rocket-pool-eth.html,Rocket Pool Eth ,RETH,https://rocketpool.net/,,https://twitter.com/rocket_pool
https://coinarbitragebot.com/price/aave.html,Aave ,AAVE,https://app.aave.com/,,https://twitter.com/aave
https://coinarbitragebot.com/price/algorand.html,Algorand ,ALGO,https://algorand.foundation/,,https://twitter.com/algorand
https://coinarbitragebot.com/price/thorchain.html,Thorchain ,RUNE,https://thorchain.org/,,https://twitter.com/THORChain
https://coinarbitragebot.com/price/ordi.html,Ordi ,ORDI,,,
https://coinarbitragebot.com/price/helium.html,Helium ,HNT,https://www.helium.com/,,https://twitter.com/helium
https://coinarbitragebot.com/price/mina-protocol.html,Mina Protocol ,MINA,https://minaprotocol.com/,,https://twitter.com/minaprotocol
https://coinarbitragebot.com/price/flow.html,Flow ,FLOW,https://flow.com/,,https://twitter.com/flow_blockchain
https://coinarbitragebot.com/price/tokenize-xchange.html,Tokenize Xchange ,TKX,https://tokenize.exchange/,,https://twitter.com/TokenizeXchange
https://coinarbitragebot.com/price/fantom.html,Fantom ,FTM,https://fantom.foundation/,,https://twitter.com/FantomFDN
https://coinarbitragebot.com/price/synthetix-network.html,Synthetix Network ,SNX,https://www.synthetix.io/,,https://twitter.com/synthetix_io
https://coinarbitragebot.com/price/sats-ordinals.html,Sats ,SATS,https://satscoin.vip/,,https://twitter.com/satscoin_brc20
https://coinarbitragebot.com/price/dydx.html,Dydx ,DYDX,https://dydx.trade/,,https://twitter.com/dydxfoundation
https://coinarbitragebot.com/price/osmosis.html,Osmosis ,OSMO,https://osmosis.zone/,,https://twitter.com/osmosiszone
https://coinarbitragebot.com/price/the-sandbox.html,The Sandbox ,SAND,https://www.sandbox.game/en/,,https://twitter.com/TheSandboxGame
https://coinarbitragebot.com/price/theta-network.html,Theta Network ,THETA,https://www.thetatoken.org/,,https://twitter.com/Theta_Network
https://coinarbitragebot.com/price/axie-infinity.html,Axie Infinity ,AXS,https://axieinfinity.com/,,https://twitter.com/axieinfinity
https://coinarbitragebot.com/price/astar.html,Astar ,ASTR,https://astar.network/,,https://twitter.com/AstarNetwork
https://coinarbitragebot.com/price/kucoin.html,Kucoin ,KCS,https://www.kucoin.com/ucenter/signup,,https://twitter.com/kucoincom
https://coinarbitragebot.com/price/chiliz.html,Chiliz ,CHZ,https://www.chiliz.com/,,https://twitter.com/chiliz
https://coinarbitragebot.com/price/manta-network.html,Manta Network ,MANTA,https://manta.network/,,https://twitter.com/MantaNetwork
https://coinarbitragebot.com/price/whitebit-coin.html,Whitebit Coin ,WBT,https://whitebit.com/wbt,,https://twitter.com/WhiteBit
https://coinarbitragebot.com/price/tezos.html,Tezos ,XTZ,https://www.tezos.com/,,https://twitter.com/tezos
https://coinarbitragebot.com/price/conflux.html,Conflux ,CFX,https://confluxnetwork.org/,,https://twitter.com/Conflux_Network
https://coinarbitragebot.com/price/cheelee.html,Cheelee ,CHEEL,https://cheelee.io/,https://t.me/Cheelee_EN,https://twitter.com/Cheelee_Tweet
https://coinarbitragebot.com/price/apecoin.html,Apecoin ,APE,https://apecoin.com/,,https://twitter.com/apecoin
https://coinarbitragebot.com/price/wemix.html,Wemix ,WEMIX,https://www.wemix.com/en,,https://twitter.com/WemixNetwork
https://coinarbitragebot.com/price/decentraland.html,Decentraland ,MANA,https://decentraland.org/,,https://twitter.com/decentraland
https://coinarbitragebot.com/price/bittorrent.html,Bittorrent ,BTT,https://www.bittorrent.com/btt/,,https://twitter.com/bittorrent
https://coinarbitragebot.com/price/bitget-token.html,Bitget Token ,BGB,https://www.bitget.com/referral/register,,https://twitter.com/bitgetglobal
https://coinarbitragebot.com/price/iota.html,Iota ,IOTA,http://iota.org/,,https://twitter.com/iota
https://coinarbitragebot.com/price/eos.html,Eos ,EOS,https://eosnetwork.com/,,https://twitter.com/EosNFoundation
https://coinarbitragebot.com/price/blur.html,Blur ,BLUR,https://blur.io/,,https://twitter.com/blur_io
https://coinarbitragebot.com/price/kava.html,Kava ,KAVA,https://www.kava.io/,,https://twitter.com/KAVA_CHAIN
https://coinarbitragebot.com/price/neo.html,Neo ,NEO,https://neo.org/,,https://twitter.com/NEO_Blockchain
https://coinarbitragebot.com/price/ronin.html,Ronin ,RON,https://roninchain.com/,,https://twitter.com/Ronin_Network
https://coinarbitragebot.com/price/frax-share.html,Frax Share ,FXS,https://frax.finance/,,https://twitter.com/fraxfinance
https://coinarbitragebot.com/price/gala.html,Gala ,GALA,https://gala.games/,,https://twitter.com/GoGalaGames
https://coinarbitragebot.com/price/oasis-network.html,Oasis Network ,ROSE,https://oasisprotocol.org/,,https://twitter.com/oasisprotocol
https://coinarbitragebot.com/price/usdd.html,Usdd ,USDD,https://usdd.io/,,https://twitter.com/usddio
https://coinarbitragebot.com/price/bonk.html,Bonk ,BONK,https://www.bonkcoin.com/,,https://twitter.com/bonk_inu
https://coinarbitragebot.com/price/klaytn.html,Klaytn ,KLAY,https://www.klaytn.foundation/,,https://twitter.com/klaytn_official
https://coinarbitragebot.com/price/flare.html,Flare ,FLR,https://flare.network/,https://t.me/Flare_China,https://twitter.com/FlareNetworks
https://coinarbitragebot.com/price/frax-ether.html,Frax Ether ,FRXETH,https://app.frax.finance/,,https://twitter.com/fraxfinance
https://coinarbitragebot.com/price/pancakeswap.html,Pancakeswap ,CAKE,https://pancakeswap.finance/,,https://twitter.com/pancakeswap
https://coinarbitragebot.com/price/gate.html,Gate ,GT,https://gatechain.io/,,
https://coinarbitragebot.com/price/azcoiner.html,Azcoiner ,AZC,https://azcoiner.com/,,https://twitter.com/AZCoiner
https://coinarbitragebot.com/price/game-coin.html,Game Coin ,GMEX,https://www.thegamecoin.net/,,https://twitter.com/GameCoinGMEX
https://coinarbitragebot.com/price/pantos.html,Pantos ,PAN,https://pantos.io/,,https://twitter.com/pantosio
https://coinarbitragebot.com/price/fringe-finance.html,Fringe Finance ,FRIN,https://fringe.fi/,,https://twitter.com/fringefinance
https://coinarbitragebot.com/price/solidus-ai-tech.html,Solidus Ai Tech ,AITECH,https://aitech.io/,,https://twitter.com/AITECHio
