https://www.coingecko.com/en/coins/befy,BEFY Markets,BEFY ,https://www.befyfi.xyz/,https://t.me/befyprotocol,https://twitter.com/Befy_Protocol
https://www.coingecko.com/en/coins/bitminerx,BitMinerX,BMX ,https://bitminerx.net/,https://t.me/BitMinerX_General,https://twitter.com/BitMinerX
https://www.coingecko.com/en/coins/bsc-fair,BSC FAIR, FAIR ,https://t.me/BscFairOfficial,https://twitter.com/BscFairOfficial
https://www.coingecko.com/en/coins/camly-coin, CAMLY COIN, CAMLY ,https://camly.co/,https://t.me/camlycoin9999,https://twitter.com/camly_channel?s=11
https://www.coingecko.com/en/coins/casinu-inu, Casinu Inu, CASINU ,https://casinuinu.xyz/,https://t.me/casinu_inu,https://twitter.com/Casinu_Inu
https://www.coingecko.com/en/coins/exgoland,Exgoland,EXGO ,https://exgoland.io/,https://t.me/EXGOLAND,https://twitter.com/exgoland_io
https://www.coingecko.com/en/coins/gamerfi,GAMERFI,GAMERFI ,https://gamerfi.tech/,https://t.me/GamerFI_BSC,https://twitter.com/GamerFi_BSC
https://www.coingecko.com/en/coins/hacash-diamond,Hacash Diamond,HACD ,https://hacash.org/HACD,https://t.me/hacash,https://twitter.com/hacdart
https://www.coingecko.com/en/coins/killer-bean,Killer Bean,BEAN ,https://www.thekillerbeancoin.com/,https://www.thekillerbeancoin.com/,https://t.me/killerbeansolanaportal,https://twitter.com/killerbeanonsol
https://www.coingecko.com/en/coins/matr1x-fire,Matr1x Fire,FIRE ,https://matr1x.io/,https://t.me/matr1xofficial,https://twitter.com/Matr1xOfficial
https://www.coingecko.com/en/coins/meow-casino,Meow Casino,MEOW ,https://betmeow.city/,https://t.me/bet_meow,https://twitter.com/bet_meow
https://www.coingecko.com/en/coins/opcat,OPCAT,$OPCAT ,https://opcat.vip/,https://t.me/opcateth,https://twitter.com/OP_CATETH
https://www.coingecko.com/en/coins/poseidollar,Poseidollar,PDO ,https://poseidollar.com/,https://t.me/poseidollar,https://twitter.com/poseidollar
https://www.coingecko.com/en/coins/scanai,ScanAI,SCAN ,,https://t.me/ScanAIPortal,https://twitter.com/scanaieth
https://www.coingecko.com/en/coins/synapse-network,Synapse Network,ZKSNP , https://synapse.network/,https://t.me/Synapse_official,https://twitter.com/SynapseNetwork_
https://www.coingecko.com/en/coins/tel3,TEL3,TEL3 , https://telepathy.so/,,https://twitter.com/telepathy_so
https://www.coingecko.com/en/coins/trollmuskwifhat,TrollMuskWifHat,TROLL ,https://trollmuskwifhat.org/,https://t.me/trollmuskwifhat,https://twitter.com/TrollMuskWifHat
https://www.coingecko.com/en/coins/vlaunch,VLaunch,VPAD,https://www.vlaunch.com/,https://t.me/VLaunchCOMToken,https://twitter.com/VLaunchCOM
https://www.coingecko.com/en/coins/whirl-privacy,Whirl,WHIRL,https://whirlprivacy.io/,https://t.me/WhirlPortal,https://twitter.com/WhirlPrivacy
