"listing-symbol","listing-name","Links","column-title 2"
"MOFO","MEME Fighter","https://coinsniper.net/coin/59824?k=1&s=today","Hardcap"
"XMINING","X MINING","https://coinsniper.net/coin/59402?k=2&s=today","Hardcap"
"BITBOT","Bitbot","https://coinsniper.net/coin/59782?k=3&s=today",""
"MMTR","Memeinator","https://coinsniper.net/coin/54538?k=4&s=today",""
"0DOG","Bitcoin Dogs Club","https://coinsniper.net/coin/60515?k=5&s=today",""
"PD","PUDEL","https://coinsniper.net/coin/50101?k=6&s=today",""
"HARAMBEAI","Harambe AI Token","https://coinsniper.net/coin/60155?k=7&s=today",""
"MANIA","ScapesMania","https://coinsniper.net/coin/48065?k=8&s=today","Hardcap"
"GIGA","GigaChadGPT","https://coinsniper.net/coin/56174?k=9&s=today",""
"BTP","BITCHIP","https://coinsniper.net/coin/53648?k=10&s=today",""
"POKE","POKEMOON","https://coinsniper.net/coin/60351?k=11&s=today",""
"NIBI","NIBIRU CHAIN Token","https://coinsniper.net/coin/60626?k=12&s=today",""
"AMANO","AmapianoStudio","https://coinsniper.net/coin/60482?k=13&s=today",""
"PCORE","MetaClash Token","https://coinsniper.net/coin/60611?k=14&s=today",""
"CHAT","Dechat","https://coinsniper.net/coin/60628?k=15&s=today",""
"ETHETF","ETHETF Token","https://coinsniper.net/coin/57028?k=16&s=today","Hardcap"
"MAO","Mao coin","https://coinsniper.net/coin/57998?k=17&s=today","Hardcap"
"ANON","ANONYMOUS","https://coinsniper.net/coin/59869?k=18&s=today","Hardcap"
"PINKCARROT","PinkCarrot","https://coinsniper.net/coin/60091?k=19&s=today","Hardcap"
"RBLZ","Rebel Satoshi","https://coinsniper.net/coin/55361?k=20&s=today",""
"MAI","Multi AI","https://coinsniper.net/coin/48672?k=21&s=today",""
"LMCSWAP","Limocoin swap","https://coinsniper.net/coin/23819?k=22&s=today",""
"YATANCAKE","YATANCAKE","https://coinsniper.net/coin/13833?k=23&s=today",""
"GROK GOD","GrokGod","https://coinsniper.net/coin/59861?k=24&s=today",""
"CRS","CORGI STUDIO","https://coinsniper.net/coin/60602?k=25&s=today",""
"RSG","Ready Set Go Token","https://coinsniper.net/coin/54147?k=26&s=today",""
"PLX","Pullix","https://coinsniper.net/coin/57430?k=27&s=today","Hardcap"
"GXR","Genixor","https://coinsniper.net/coin/59278?k=28&s=today","Hardcap"
"BCLUB","The Bet Club","https://coinsniper.net/coin/60317?k=29&s=today",""
"BETX","Betix Coin","https://coinsniper.net/coin/60616?k=30&s=today",""
"HYADES","Hyades Protocol","https://coinsniper.net/coin/60618?k=31&s=today","Hardcap"
"AIRB","BillionAir","https://coinsniper.net/coin/49169?k=32&s=today",""
"HIPP","El Hippo","https://coinsniper.net/coin/53288?k=33&s=today",""
"EITG","EITG Token","https://coinsniper.net/coin/52451?k=34&s=today",""
"BOAI","Bolic AI","https://coinsniper.net/coin/52562?k=35&s=today",""
"NEOMEC","NeomEC Power Hub","https://coinsniper.net/coin/60527?k=36&s=today",""
"FUZZ","fuzzland Analysis Token","https://coinsniper.net/coin/60538?k=37&s=today",""
"OXYZ","oxya origin token","https://coinsniper.net/coin/60596?k=38&s=today",""
"LRT","LandRocker","https://coinsniper.net/coin/53694?k=39&s=today",""
"DHT","DockHive Token","https://coinsniper.net/coin/54338?k=40&s=today",""
"SPARK","SPARK","https://coinsniper.net/coin/58242?k=41&s=today",""
"ZOE","ZOE TOKEN","https://coinsniper.net/coin/58821?k=42&s=today",""
"JONES","Alex Jones","https://coinsniper.net/coin/59618?k=43&s=today",""
"SELF","Self Ai","https://coinsniper.net/coin/59674?k=44&s=today",""
"KIDS","Kids Coin Finance","https://coinsniper.net/coin/59930?k=45&s=today","Hardcap"
"FTH","Fintyhub Token","https://coinsniper.net/coin/60221?k=46&s=today",""
"AEG","Aether Games Token","https://coinsniper.net/coin/60560?k=47&s=today",""
"BIF","BonkWifHat","https://coinsniper.net/coin/60600?k=48&s=today",""
"BARNEY","Purple dinosaur, Barney","https://coinsniper.net/coin/60609?k=49&s=today",""
"QG","Quieroganar Audits","https://coinsniper.net/coin/34121?k=50&s=today",""